Total Trades,Net PnL,ROI %,Win Rate %,Max Drawdown
64,-368.54999999999995,-0.03685499999999302,32.8125,-437.5999999997439
